순번,하수처리시설명,수질등록일자,날씨,기온(℃),수온,유입수BOD(mg/L),유입수COD(mg/L),유입수SS(mg/L),유입수TN(mg/L),유입수TP(mg/L),유입수대장균수(개/ml),유입량(m3/d),방류수BOD(mg/L),방류수COD(mg/L),방류수SS(mg/L),방류수TN(mg/L),방류수TP(mg/L),방류수대장균수(개/ml),방류량(m3/d)
364,능곡하수처리시설,2019-01-01,맑음,-4.4,13.2,432.0,124.4,192.5,110.451,9.657,"13,200","4,380",3.9,9.2,2.0,1.847,0.397,150,"3,866"
363,능곡하수처리시설,2019-01-02,맑음,-3.9,13.7,491.4,129.2,270.0,84.284,8.716,"13,200","4,676",6.8,9.6,4.3,1.709,0.499,480,"3,862"
362,능곡하수처리시설,2019-01-03,맑음,-2.6,14.4,256.2,146.2,252.5,38.448,4.141,"9,900","4,728",3.2,11.2,3.3,2.750,0.171,130,"4,214"
361,능곡하수처리시설,2019-01-04,눈,-0.3,14.4,259.2,130.0,327.5,60.432,3.996,"13,200","4,335",3.2,9.3,3.0,1.263,0.131,150,"3,927"
360,능곡하수처리시설,2019-01-05,맑음,-2.8,14.3,256.8,133.2,182.5,55.311,6.470,"16,500","4,538",2.8,10.1,2.7,1.203,0.323,240,"4,005"
359,능곡하수처리시설,2019-01-06,맑음,-2.7,14.3,318.6,122.0,272.5,60.732,4.827,"9,900","4,659",3.2,9.0,6.3,1.610,0.225,60,"4,184"
358,능곡하수처리시설,2019-01-07,맑음,-1.3,15,174.0,131.8,220.0,55.771,6.925,"4,400","3,957",4.7,9.1,3.9,5.098,0.344,300,"4,243"
357,능곡하수처리시설,2019-01-08,맑음,-2.9,14.7,248.4,154.4,220.0,76.112,7.771,"7,700","3,582",2.3,10.4,5.4,2.195,0.224,180,"3,868"
356,능곡하수처리시설,2019-01-09,맑음,-4.6,14.8,235.2,140.2,147.5,65.618,6.438,"3,300","3,642",2.8,10.5,4.5,3.503,0.334,40,"3,933"
355,능곡하수처리시설,2019-01-10,흐림,-0.9,15.3,296.4,136.6,177.5,76.118,7.733,"2,200","3,580",7.8,10.8,4.1,3.363,0.316,200,"3,868"
354,능곡하수처리시설,2019-01-11,맑음,2.2,15.6,269.4,141.4,182.5,25.016,1.572,"5,500","3,808",6.5,12.4,5.5,1.572,0.497,110,"4,106"
353,능곡하수처리시설,2019-01-12,맑음,2.2,15.1,318.0,133.8,285.0,45.786,8.301,"13,200","3,708",6.0,10.1,5.2,2.414,0.463,200,"3,850"
352,능곡하수처리시설,2019-01-13,맑음,1.3,15,288.6,149.4,205.0,40.822,7.321,"3,300","3,724",6.3,10.4,6.4,2.930,0.296,80,"3,869"
351,능곡하수처리시설,2019-01-14,맑음,1.7,15.3,289.2,129.6,197.5,67.735,4.699,"16,500","4,035",5.0,10.2,6.5,4.442,0.420,200,"4,184"
350,능곡하수처리시설,2019-01-15,맑음,-1.9,15.1,119.4,119.4,182.5,61.868,4.072,"4,400","3,875",7.7,11.6,9.2,3.748,0.600,40,"4,019"
349,능곡하수처리시설,2019-01-16,눈,-4.9,15,151.8,142.4,150.0,106.560,8.040,"11,000","3,404",5.7,11.1,7.2,2.228,0.461,130,"3,551"
348,능곡하수처리시설,2019-01-17,눈,0.6,15.1,201.0,128.2,197.5,70.906,7.574,"19,800","3,675",1.4,9.8,8.2,2.222,0.667,40,"3,813"
347,능곡하수처리시설,2019-01-18,맑음,1.3,14.9,332.4,153.9,200.0,78.623,7.844,"2,200","4,034",4.1,9.4,4.4,2.419,0.668,280,"4,188"
346,능곡하수처리시설,2019-01-19,맑음,3.8,14.8,264.0,93.3,140.0,37.843,4.987,"4,400","3,837",5.7,9.8,5.2,1.870,0.420,220,"3,880"
345,능곡하수처리시설,2019-01-20,맑음,-1.4,15.2,282.0,108.1,110.0,29.902,5.457,"4,400","3,819",3.2,11.0,6.0,2.766,0.447,150,"3,963"
344,능곡하수처리시설,2019-01-21,맑음,0.5,15.2,247.2,114.3,142.5,49.675,6.761,"3,300","3,722",7.7,10.4,4.8,3.264,0.621,330,"3,867"
343,능곡하수처리시설,2019-01-22,맑음,3.4,16.1,256.8,126.6,197.5,54.107,6.618,"2,200","3,862",5.4,10.3,5.3,2.548,0.464,180,"4,011"
342,능곡하수처리시설,2019-01-23,맑음,2.7,15.3,114.0,114.3,142.5,49.675,6.761,"24,200","4,249",1.1,8.9,4.2,2.024,0.243,130,"4,024"
341,능곡하수처리시설,2019-01-24,맑음,0.2,14.6,181.8,116.9,145.0,42.195,4.191,"2,200","4,417",2.7,9.5,3.6,3.526,0.206,90,"3,773"
340,능곡하수처리시설,2019-01-25,맑음,-1.1,15.2,177.6,131.0,200.0,38.147,6.224,"5,500","4,287",3.0,10.4,5.1,2.933,0.367,240,"3,709"
339,능곡하수처리시설,2019-01-26,맑음,-2.5,15.4,156.6,93.7,205.0,55.360,6.996,"7,700","4,425",2.3,8.2,3.8,2.531,0.316,200,"4,185"
338,능곡하수처리시설,2019-01-27,맑음,0.8,15.8,273.6,73.0,77.5,65.241,5.009,"5,500","4,407",1.6,9.9,8.1,4.389,0.396,130,"3,885"
337,능곡하수처리시설,2019-01-28,눈,1.2,15.1,147.0,97.3,265.0,76.438,7.888,"2,200","4,238",3.3,12.0,8.4,5.594,0.525,180,"3,863"
336,능곡하수처리시설,2019-01-29,맑음,0,15.1,231.6,101.5,265.0,66.845,7.314,"2,200","4,412",2.3,10.8,8.4,3.482,0.540,180,"3,955"
335,능곡하수처리시설,2019-01-30,맑음,1.7,14.6,298.2,135.4,235.0,21.997,6.466,"3,300","4,347",3.8,5.0,9.0,7.286,0.475,150,"3,863"
334,능곡하수처리시설,2019-01-31,맑음,-2.4,15.4,258.0,111.9,180.0,64.328,7.435,"5,500","4,261",2.2,9.6,7.3,5.093,0.746,70,"3,941"
333,능곡하수처리시설,2019-02-01,맑음,3,15.1,241.2,139.0,257.5,77.410,7.738,"8,800","4,388",3.1,10.9,4.6,5.501,0.958,40,"4,045"
332,능곡하수처리시설,2019-02-02,비,7,14.7,201.6,135.4,122.5,56.089,6.705,"15,800","4,395",7.7,10.8,7.4,4.689,1.003,20,"3,982"
331,능곡하수처리시설,2019-02-03,비,5,13,220.8,132.6,247.5,67.214,8.094,"15,800","4,682",3.3,10.4,5.0,4.819,1.119,20,"4,242"
330,능곡하수처리시설,2019-02-04,흐림,2,14.3,391.2,125.2,197.5,93.751,9.617,"9,900","4,151",3.0,11.1,5.8,8.776,0.916,40,"3,936"
329,능곡하수처리시설,2019-02-05,흐림,9,14.6,327.0,126.2,230.0,74.915,5.728,"22,000","3,738",6.7,10.8,4.6,6.103,0.945,110,"3,305"
328,능곡하수처리시설,2019-02-06,흐림,10,15.3,258.0,127.0,217.5,48.472,4.802,"29,700","4,182",5.0,10.4,5.4,7.146,0.711,110,"3,761"
327,능곡하수처리시설,2019-02-07,눈,5,15.8,262.2,129.4,225.0,78.889,8.383,"5,500","4,510",5.4,11.3,5.4,7.516,1.048,40,"4,020"
326,능곡하수처리시설,2019-02-08,맑음,-4,15.4,246.6,128.2,167.5,70.120,7.793,"36,300","4,258",4.0,11.6,7.2,8.094,1.051,150,"3,856"
325,능곡하수처리시설,2019-02-09,맑음,-3,16.3,252.6,123.4,235.0,48.837,5.996,"23,100","4,332",5.2,13.0,5.0,6.967,1.034,70,"4,255"
324,능곡하수처리시설,2019-02-10,맑음,-3,15.1,235.2,144.0,135.0,56.035,4.967,"44,000","4,475",5.1,12.9,8.4,8.038,0.493,180,"4,068"
323,능곡하수처리시설,2019-02-11,맑음,1,15.8,269.4,143.4,270.0,77.004,7.948,"55,000","4,394",4.1,11.9,4.6,6.216,1.064,200,"4,094"
322,능곡하수처리시설,2019-02-12,눈,2,15.9,283.8,122.2,230.0,73.297,8.450,"101,200","4,381",7.8,10.4,4.2,4.587,1.150,200,"3,829"
321,능곡하수처리시설,2019-02-13,맑음,1,14.3,274.5,152.3,137.5,58.192,8.802,"132,000","4,297",8.8,10.7,5.8,3.669,1.151,90,"3,638"
320,능곡하수처리시설,2019-02-14,맑음,3,15.8,228.0,129.6,240.0,64.283,7.961,"138,600","4,506",5.9,12.2,4.0,4.180,1.115,180,"3,958"
319,능곡하수처리시설,2019-02-15,눈,1,14.6,280.5,123.2,380.0,46.521,6.507,"176,000","4,485",5.4,12.0,6.6,4.300,0.996,180,"4,226"
318,능곡하수처리시설,2019-02-16,눈,0,14.3,189.8,84.5,130.0,47.891,4.388,"143,000","4,495",5.7,12.1,8.0,8.555,0.611,180,"4,072"
317,능곡하수처리시설,2019-02-17,맑음,3,14.4,255.0,88.1,185.0,49.683,3.857,"55,000","4,276",6.2,11.7,8.8,10.987,0.594,150,"4,055"
316,능곡하수처리시설,2019-02-18,맑음,4,15.8,236.4,130.4,217.5,98.203,7.994,"22,000","4,278",6.2,12.1,6.0,7.231,1.088,180,"3,319"
315,능곡하수처리시설,2019-02-19,눈,4,15.5,307.5,112.1,220.0,85.544,7.947,"27,500","4,504",7.0,10.1,6.0,5.511,0.957,150,"4,306"
314,능곡하수처리시설,2019-02-20,흐림,5,15.4,302.4,123.4,247.5,68.658,7.521,"15,400","4,038",6.4,10.8,5.0,4.010,1.069,40,"3,406"
313,능곡하수처리시설,2019-02-21,흐림,6,15.4,212.4,111.5,217.5,66.416,7.521,"55,000","4,260",6.0,10.5,4.4,3.776,1.092,150,"3,823"
312,능곡하수처리시설,2019-02-22,흐림,8,15.3,360.6,107.1,227.5,64.519,7.879,"88,000","4,514",6.6,9.1,5.6,4.135,1.074,110,"4,003"
311,능곡하수처리시설,2019-02-23,흐림,13,15.3,285.6,112.3,255.0,87.204,8.688,"92,400","4,574",6.2,14.1,5.8,4.626,0.453,330,"4,122"
310,능곡하수처리시설,2019-02-24,흐림,11,16.6,387.6,92.1,345.0,41.968,4.235,"126,500","4,231",7.4,13.2,6.3,4.626,1.058,200,"3,537"
309,능곡하수처리시설,2019-02-25,흐림,9,16,224.4,110.3,375.0,58.588,7.093,"154,000","4,686",6.8,12.7,4.2,4.641,1.121,110,"4,267"
308,능곡하수처리시설,2019-02-26,맑음,10,15.4,225.6,123.0,187.5,74.579,7.680,"44,000","4,327",7.0,10.5,5.8,4.354,1.149,150,"3,822"
307,능곡하수처리시설,2019-02-27,흐림,11,15.6,384.6,124.2,290.0,81.813,7.793,"132,000","4,461",7.3,12.7,7.4,3.540,0.500,110,"4,032"
306,능곡하수처리시설,2019-02-28,흐림,11,15.4,319.2,101.9,152.5,79.207,6.947,"66,000","4,374",6.6,11.0,4.8,5.327,1.142,110,"3,968"
305,능곡하수처리시설,2019-03-01,흐림,10,15.4,228.0,120.2,185.0,61.450,9.550,"11,000","4,138",5.3,12.2,5.9,5.908,0.537,310,"3,496"
304,능곡하수처리시설,2019-03-02,흐림,12,16,289.8,135.4,122.5,56.089,6.705,"15,800","4,203",5.4,10.8,5.2,4.689,1.003,220,"3,578"
303,능곡하수처리시설,2019-03-03,흐림,14,15.3,220.8,132.6,247.5,67.214,8.094,"15,800","4,739",3.3,10.4,5.0,4.819,1.119,20,"4,302"
302,능곡하수처리시설,2019-03-04,흐림,13,16.2,213.6,120.2,260.0,58.940,7.493,"55,000","4,458",4.5,15.1,6.3,5.883,1.781,180,"3,744"
301,능곡하수처리시설,2019-03-05,흐림,11,16,378.0,116.3,267.5,61.540,7.745,"93,500","6,255",7.1,10.8,8.6,4.215,0.770,440,"4,064"
300,능곡하수처리시설,2019-03-06,비,11,16.3,300.6,130.8,417.5,60.383,8.345,"121,000","4,915",6.1,11.1,7.2,1.930,1.746,200,"4,496"
299,능곡하수처리시설,2019-03-07,흐림,11,16.4,258.6,107.3,135.0,64.583,6.459,"38,500","4,787",5.0,9.6,4.2,1.965,1.128,350,"4,128"
298,능곡하수처리시설,2019-03-08,흐림,11,17,274.2,125.2,152.5,44.875,7.272,"33,000","5,194",3.0,12.0,4.0,1.663,0.472,110,"4,232"
297,능곡하수처리시설,2019-03-09,흐림,12,15.9,121.2,121.0,130.0,43.169,4.317,"44,000","3,926",4.5,10.0,6.0,2.786,0.496,20,"3,613"
296,능곡하수처리시설,2019-03-10,흐림,14,17,160.2,93.9,97.5,46.449,3.801,"82,500","5,519",6.7,13.1,4.9,7.852,0.983,400,"3,383"
295,능곡하수처리시설,2019-03-11,비,7,16.3,230.4,102.1,225.0,77.788,5.673,"66,000","5,599",4.6,10.3,2.6,4.062,0.473,220,"5,167"
294,능곡하수처리시설,2019-03-12,흐림,7,16.9,315.0,104.7,65.0,34.650,3.450,"33,000","4,558",5.1,11.1,4.4,2.344,0.610,180,"4,142"
293,능곡하수처리시설,2019-03-13,맑음,7,15.6,306.6,69.0,210.0,34.846,7.158,"11,000","5,359",3.2,10.2,2.3,1.574,0.334,180,"4,203"
292,능곡하수처리시설,2019-03-14,비,9,16.8,198.6,105.5,110.0,46.311,3.193,"38,500","5,810",3.9,12.0,2.2,1.162,0.186,40,"3,244"
291,능곡하수처리시설,2019-03-15,눈,11,17,339.0,124.6,267.5,62.774,8.663,"110,000","5,658",4.1,12.0,2.2,0.251,0.160,110,"4,768"
290,능곡하수처리시설,2019-03-16,흐림,8,17.4,303.6,83.4,285.0,38.628,3.449,"99,000","4,578",3.6,9.3,3.2,1.815,0.395,440,"4,069"
289,능곡하수처리시설,2019-03-17,흐림,11,16.7,344.4,114.1,197.5,41.455,4.332,"99,000","4,530",8.4,10.9,4.0,1.702,0.472,150,"4,028"
288,능곡하수처리시설,2019-03-18,흐림,10,16.8,267.6,122.0,165.0,36.743,6.530,"209,000","4,486",4.1,10.0,2.3,1.457,0.513,150,"3,972"
287,능곡하수처리시설,2019-03-19,흐림,13,17.3,327.0,119.2,147.5,54.961,7.057,"154,000","4,794",4.4,8.7,3.5,1.979,0.447,370,"4,025"
286,능곡하수처리시설,2019-03-20,비,14,17.1,175.8,101.3,190.0,50.936,6.057,"33,000","4,653",2.2,8.8,2.2,1.738,0.327,150,"4,097"
285,능곡하수처리시설,2019-03-21,비,10,17.6,214.2,98.3,160.0,70.717,7.739,"121,000","4,864",2.9,7.9,2.3,1.875,0.341,110,"4,444"
284,능곡하수처리시설,2019-03-22,맑음,7,17.5,216.6,112.5,142.5,70.178,6.944,"176,000","4,698",2.7,9.1,2.2,1.965,0.300,240,"3,939"
283,능곡하수처리시설,2019-03-23,눈,7,17.4,211.2,108.9,125.0,57.600,7.423,"132,000","4,649",3.5,9.7,2.0,1.611,0.433,150,"4,205"
282,능곡하수처리시설,2019-03-24,맑음,8,16.4,214.2,95.5,177.5,44.189,4.432,"88,000","4,634",4.3,9.0,2.5,2.125,0.376,310,"4,149"
281,능곡하수처리시설,2019-03-25,흐림,11,17.8,313.2,118.4,275.0,76.711,8.100,"99,000","4,727",6.5,11.1,4.2,2.751,0.528,150,"4,108"
280,능곡하수처리시설,2019-03-26,흐림,14,17.8,223.8,96.1,205.0,58.643,7.097,"220,000","4,549",3.9,9.2,2.3,1.467,0.474,180,"3,889"
279,능곡하수처리시설,2019-03-27,흐림,14,18.2,183.6,100.1,190.0,74.223,8.734,"66,000","4,451",1.0,8.6,2.5,2.060,0.520,150,"3,936"
278,능곡하수처리시설,2019-03-28,흐림,12,18,150.8,100.1,197.5,95.537,7.910,"22,000","4,293",0.5,8.3,2.1,2.146,0.424,180,"4,263"
277,능곡하수처리시설,2019-03-29,비,11,18.6,198.0,100.3,200.0,78.470,7.548,"84,000","4,674",2.0,8.6,2.5,2.105,0.444,280,"3,712"
276,능곡하수처리시설,2019-03-30,눈,8,18.5,199.5,80.6,62.5,51.823,2.903,"77,000","4,415",2.5,10.8,2.7,1.362,0.323,200,"4,060"
275,능곡하수처리시설,2019-03-31,흐림,8,18.6,297.0,74.2,157.5,48.136,3.443,"99,000","4,429",2.9,9.6,2.0,1.964,0.329,330,"3,928"
274,능곡하수처리시설,2019-04-01,맑음,10,17.6,206.4,128.0,232.5,72.411,6.855,"132,000","5,080",1.7,10.5,2.5,2.235,0.400,70,"4,667"
273,능곡하수처리시설,2019-04-02,맑음,11,18.5,225.0,92.9,165.0,57.600,6.148,"22,000","4,336",2.0,9.4,2.9,2.014,0.443,180,"3,892"
272,능곡하수처리시설,2019-04-03,흐림,12,17.6,100.2,101.3,177.5,65.183,6.422,"11,000","4,311",1.0,8.8,3.5,1.647,0.431,150,"3,799"
271,능곡하수처리시설,2019-04-04,흐림,12,18.4,131.4,120.6,260.0,72.204,7.484,"79,200","5,063",1.5,9.8,2.5,2.059,0.465,150,"4,212"
270,능곡하수처리시설,2019-04-05,흐림,15,17.9,212.4,111.5,177.5,87.456,7.222,"66,000","4,161",1.5,8.7,2.6,1.813,0.718,150,"3,797"
269,능곡하수처리시설,2019-04-06,비,11,18.1,170.3,90.9,290.0,50.077,8.472,"132,000","4,594",1.4,8.0,1.2,2.368,0.405,310,"4,123"
268,능곡하수처리시설,2019-04-07,흐림,18,18.2,130.2,94.1,145.0,93.332,3.860,"143,000","4,399",2.6,9.1,2.1,1.522,0.600,40,"3,882"
267,능곡하수처리시설,2019-04-08,맑음,15,18.2,313.8,92.9,417.5,60.421,8.285,"22,000","4,928",6.4,7.6,2.7,2.393,0.683,220,"4,390"
266,능곡하수처리시설,2019-04-09,비,14,18,203.4,104.5,227.5,59.226,6.152,"115,500","4,769",3.7,7.9,1.5,2.080,0.502,180,"4,448"
265,능곡하수처리시설,2019-04-10,비,10,18.4,139.8,96.7,237.5,75.435,7.894,"132,000","4,486",4.3,9.8,4.6,2.901,1.074,200,"3,847"
264,능곡하수처리시설,2019-04-11,흐림,13,17.9,118.2,86.5,210.0,76.508,6.873,"115,500","4,554",1.1,7.4,1.8,1.288,0.613,90,"4,149"
263,능곡하수처리시설,2019-04-12,흐림,15,18.4,194.4,83.7,387.5,63.607,5.634,"88,000","4,290",3.5,9.0,5.6,2.073,0.798,150,"3,857"
262,능곡하수처리시설,2019-04-13,흐림,16,17.8,148.2,108.5,317.5,66.515,6.136,"165,000","4,367",2.2,8.6,2.3,3.402,0.597,130,"3,930"
261,능곡하수처리시설,2019-04-14,비,13,18.1,136.8,112.3,207.5,58.706,4.756,"44,000","4,820",1.0,8.1,3.5,3.077,0.472,200,"4,319"
260,능곡하수처리시설,2019-04-15,맑음,15,18.9,253.8,106.1,177.5,80.504,7.495,"44,000","4,654",7.6,9.3,1.8,4.509,0.737,150,"4,270"
259,능곡하수처리시설,2019-04-16,흐림,20,19.3,169.8,93.9,617.5,60.554,6.262,"22,000","4,756",2.8,8.7,1.9,3.277,0.640,150,"3,903"
258,능곡하수처리시설,2019-04-17,흐림,19,19.4,122.3,98.3,195.0,69.048,7.396,"132,000","4,354",1.5,9.1,1.1,2.060,0.633,90,"3,962"
257,능곡하수처리시설,2019-04-18,비,15,19.5,251.4,94.7,267.5,63.453,6.390,"154,000","4,660",2.3,8.3,0.9,1.910,0.627,200,"4,124"
256,능곡하수처리시설,2019-04-19,흐림,19,19.6,213.6,82.2,247.5,55.187,5.945,"22,000","4,466",4.5,7.8,2.2,2.492,0.622,110,"4,002"
255,능곡하수처리시설,2019-04-20,비,18,19.7,135.6,114.3,220.0,74.077,7.262,"121,000","4,484",1.9,8.1,1.9,3.013,0.454,200,"3,959"
254,능곡하수처리시설,2019-04-21,비,16,19.6,258.6,80.2,310.0,54.529,4.134,"44,000","4,501",5.1,8.6,2.4,3.635,0.713,180,"3,969"
253,능곡하수처리시설,2019-04-22,흐림,25,20.2,173.4,105.5,170.0,59.509,6.542,"44,000","4,887",3.3,8.2,2.0,4.003,0.927,180,"4,597"
252,능곡하수처리시설,2019-04-23,비,23,20.4,223.8,102.1,202.5,55.765,6.755,"66,000","4,550",8.6,8.5,2.7,3.148,0.870,180,"4,054"
251,능곡하수처리시설,2019-04-24,비,22,20.7,283.2,79.6,152.5,39.666,5.355,"165,000","4,915",5.3,7.7,2.4,1.849,0.580,110,"4,323"
250,능곡하수처리시설,2019-04-25,비,17,20.9,253.2,102.5,217.5,72.007,6.745,"154,000","4,763",3.4,8.5,2.4,3.588,0.685,180,"4,055"
249,능곡하수처리시설,2019-04-26,비,10,19.2,453.6,118.2,215.0,82.855,11.172,"99,000","4,316",4.4,8.6,2.4,4.218,0.735,180,"4,078"
248,능곡하수처리시설,2019-04-27,맑음,16,19.4,397.2,80.4,92.5,22.059,3.817,"110,000","4,309",7.3,9.6,3.3,2.502,0.818,150,"3,961"
247,능곡하수처리시설,2019-04-28,비,16,19.4,260.4,104.5,237.5,50.317,6.403,"99,000","4,639",4.2,11.1,2.2,2.770,0.777,110,"3,920"
246,능곡하수처리시설,2019-04-29,흐림,17,19.8,205.2,134.0,215.0,36.625,6.118,"112,000","4,544",4.1,12.4,2.3,2.887,0.783,500,"3,979"
245,능곡하수처리시설,2019-04-30,흐림,20,20.2,256.8,100.9,182.5,47.433,6.327,"132,000","4,441",8.6,9.7,2.0,3.687,0.766,220,"4,258"
244,능곡하수처리시설,2019-05-01,흐림,19,20.8,288.6,100.7,150.0,57.879,7.140,"11,000","4,932",3.0,9.7,1.9,2.851,0.533,150,"4,178"
243,능곡하수처리시설,2019-05-02,맑음,22,20.8,489.0,90.9,337.5,73.509,8.851,"154,000","4,338",4.1,12.9,2.1,2.058,0.646,40,"3,930"
242,능곡하수처리시설,2019-05-03,흐림,22,20.3,282.6,82.6,135.0,51.809,5.812,"33,000","4,763",2.0,8.5,1.4,1.862,0.491,220,"4,012"
241,능곡하수처리시설,2019-05-04,흐림,22,20.3,226.2,101.1,235.0,26.461,2.690,"33,000","5,666",3.3,12.5,2.1,2.695,0.830,110,"5,468"
240,능곡하수처리시설,2019-05-05,흐림,23,20.9,268.8,76.8,282.5,38.929,3.751,"33,000","4,591",4.5,10.3,2.3,3.539,0.728,70,"4,401"
239,능곡하수처리시설,2019-05-06,맑음,18,20,295.8,96.7,265.0,90.082,8.574,"104,500","4,733",3.4,8.6,1.9,2.248,1.148,330,"3,551"
238,능곡하수처리시설,2019-05-07,흐림,18,20.4,291.6,84.9,177.5,59.390,6.037,"22,000","4,927",3.3,7.7,2.0,3.322,0.916,200,"4,244"
237,능곡하수처리시설,2019-05-08,흐림,17,20.6,242.4,97.9,170.0,60.903,5.185,"198,000","4,327",3.5,9.9,2.2,4.149,0.738,260,"4,142"
236,능곡하수처리시설,2019-05-09,흐림,18,21.1,279.6,92.1,470.0,48.717,6.094,"88,000","4,536",6.2,8.5,2.4,2.689,0.749,260,"3,797"
235,능곡하수처리시설,2019-05-10,흐림,21,21.3,327.0,92.9,607.5,67.010,7.622,"110,000","4,541",8.7,8.9,1.9,3.295,0.782,220,"4,124"
234,능곡하수처리시설,2019-05-11,흐림,23,21.6,282.6,77.4,200.0,56.876,4.096,"143,000","4,536",3.3,9.7,2.1,6.962,0.812,310,"4,225"
233,능곡하수처리시설,2019-05-12,흐림,24,21.5,335.4,84.7,157.5,68.936,5.211,"99,000","4,784",2.4,9.4,2.8,3.083,0.880,40,"4,178"
232,능곡하수처리시설,2019-05-13,비,21,21.3,427.2,100.9,177.5,67.730,5.789,"110,000","4,346",5.2,11.3,2.3,6.311,0.787,290,"3,837"
231,능곡하수처리시설,2019-05-14,흐림,24,22,315.0,99.9,395.0,69.008,7.292,"176,000","4,665",4.4,9.1,2.1,3.004,0.669,150,"4,304"
230,능곡하수처리시설,2019-05-15,흐림,24,21.9,369.0,96.5,135.0,39.887,5.894,"143,000","4,647",5.8,9.7,2.2,2.326,0.565,180,"4,226"
229,능곡하수처리시설,2019-05-16,흐림,27,22.2,318.0,90.3,147.5,45.329,5.638,"22,000","4,694",5.0,8.4,2.2,2.392,0.588,150,"4,259"
228,능곡하수처리시설,2019-05-17,흐림,26,22,262.2,84.5,160.0,54.413,5.623,"22,000","4,413",3.6,7.1,2.6,2.201,0.586,200,"3,975"
227,능곡하수처리시설,2019-05-18,비,25,22.1,309.0,132.0,267.5,54.019,8.663,"143,000","4,572",2.5,12.9,1.6,1.721,0.160,130,"4,192"
226,능곡하수처리시설,2019-05-19,비,21,22.4,399.0,94.9,140.0,50.222,4.632,"176,000","4,933",6.2,7.4,2.2,3.366,0.856,220,"4,510"
225,능곡하수처리시설,2019-05-20,비,20,22.2,217.2,95.9,120.0,52.198,4.915,"88,000","4,523",5.0,9.3,1.6,2.365,0.561,220,"4,129"
224,능곡하수처리시설,2019-05-21,흐림,21,22.4,408.0,102.5,197.5,59.410,6.214,"165,000","4,498",3.9,10.4,1.8,2.002,0.491,150,"4,154"
223,능곡하수처리시설,2019-05-22,흐림,22,22,228.6,79.0,242.5,42.159,4.512,"44,000","4,586",2.8,8.8,1.5,1.965,0.339,180,"4,159"
222,능곡하수처리시설,2019-05-23,흐림,25,22.5,225.6,112.9,182.5,53.554,5.291,"99,000","4,512",2.6,9.8,1.7,2.275,0.187,40,"4,209"
221,능곡하수처리시설,2019-05-24,흐림,28,23,376.8,108.7,107.5,45.427,5.267,"77,000","4,634",3.0,8.5,1.8,1.898,0.262,110,"4,115"
220,능곡하수처리시설,2019-05-25,흐림,25,22.1,192.0,94.3,105.0,63.164,6.112,"110,000","4,368",5.4,10.1,1.6,2.202,0.294,260,"3,887"
219,능곡하수처리시설,2019-05-26,맑음,27,22.4,286.8,82.4,147.5,57.660,6.026,"88,000","5,067",5.4,7.2,2.2,1.971,0.222,130,"4,419"
218,능곡하수처리시설,2019-05-27,비,22,23.5,391.8,99.1,162.5,69.540,6.195,"154,000","4,936",6.3,9.7,1.7,1.796,0.366,150,"4,230"
217,능곡하수처리시설,2019-05-28,맑음,21,23.3,280.2,98.1,122.5,50.737,5.066,"33,000","4,220",3.2,9.5,1.0,1.695,0.342,110,"4,029"
216,능곡하수처리시설,2019-05-29,흐림,22,23.2,503.4,110.9,132.5,76.896,6.955,"220,000","4,470",3.7,9.2,1.3,2.246,0.356,180,"3,997"
215,능곡하수처리시설,2019-05-30,비,22,23.1,192.6,93.5,107.5,50.296,4.714,"22,000","4,637",1.7,9.6,1.3,2.342,0.212,200,"4,205"
214,능곡하수처리시설,2019-05-31,맑음,21,22.7,213.0,126.2,175.0,44.061,4.881,"88,000","4,536",2.2,8.7,1.7,1.938,0.464,90,"4,053"
213,능곡하수처리시설,2019-06-01,흐림,20,22.8,310.8,90.5,140.0,44.203,4.941,"187,000","4,417",4.0,9.1,1.8,1.482,0.438,180,"4,110"
212,능곡하수처리시설,2019-06-02,흐림,24,22.9,348.0,82.0,132.5,54.796,4.096,"88,000","4,686",6.9,8.9,2.3,2.136,0.360,70,"4,159"
211,능곡하수처리시설,2019-06-03,맑음,27,23.2,439.2,93.3,197.5,52.927,4.632,"66,000","4,999",5.2,9.0,2.0,2.242,0.449,150,"3,800"
210,능곡하수처리시설,2019-06-04,흐림,25,23.6,231.6,98.7,220.0,69.286,6.499,"220,000","4,898",6.2,10.0,2.8,2.398,0.566,350,"3,907"
209,능곡하수처리시설,2019-06-05,흐림,23,23.4,256.2,98.1,157.5,46.996,4.408,"22,000","4,589",2.8,8.7,1.5,2.654,0.227,180,"4,446"
208,능곡하수처리시설,2019-06-06,비,22,23.2,531.6,95.9,282.5,45.118,5.164,"66,000","4,416",3.9,11.5,0.9,1.329,0.369,150,"3,797"
207,능곡하수처리시설,2019-06-07,비,24,23.3,340.2,109.1,197.5,46.901,6.245,"143,000","5,035",4.3,10.6,1.7,2.696,0.228,130,"4,727"
206,능곡하수처리시설,2019-06-08,흐림,25,23.1,400.2,87.7,175.0,53.094,4.083,"99,000","4,675",5.9,11.3,2.6,3.392,0.352,150,"4,070"
205,능곡하수처리시설,2019-06-09,비,24,23.5,298.2,91.1,185.0,80.069,6.931,"121,000","4,514",5.3,9.8,1.7,2.717,1.065,180,"4,100"
204,능곡하수처리시설,2019-06-10,비,23,23.4,355.8,104.3,165.0,47.462,3.688,"44,000","4,702",3.9,11.1,2.1,3.238,0.874,220,"4,091"
203,능곡하수처리시설,2019-06-11,맑음,24,24,216.0,91.9,110.0,46.496,5.093,"154,000","4,629",4.7,9.2,1.6,1.999,0.807,180,"4,158"
202,능곡하수처리시설,2019-06-12,흐림,24,24,253.2,100.3,107.5,56.634,4.900,"143,000","4,735",3.1,11.2,2.5,2.004,0.716,110,"4,081"
201,능곡하수처리시설,2019-06-13,흐림,27,24.1,271.2,97.1,262.5,27.572,6.889,"22,000","4,409",3.4,9.5,2.0,1.742,0.645,90,"4,143"
200,능곡하수처리시설,2019-06-14,흐림,27,23.8,349.8,124.2,222.5,68.343,7.060,"66,000","4,506",4.0,10.6,1.9,2.177,0.564,90,"4,239"
199,능곡하수처리시설,2019-06-15,흐림,25,24.1,410.4,96.5,152.5,38.081,3.963,"110,000","4,829",3.3,9.5,1.9,1.105,0.574,70,"3,960"
198,능곡하수처리시설,2019-06-16,맑음,25,24.2,355.8,109.5,205.0,24.224,3.407,"121,000","4,753",3.9,8.8,1.9,2.376,0.471,70,"4,061"
197,능곡하수처리시설,2019-06-17,비,23,24.2,288.6,102.7,215.0,57.058,4.819,"132,000","4,712",6.3,9.9,2.6,2.292,0.514,350,"4,532"
196,능곡하수처리시설,2019-06-18,비,24,24.5,251.4,112.7,140.0,69.376,6.615,"154,000","4,525",2.9,10.8,2.1,1.597,0.612,180,"3,925"
195,능곡하수처리시설,2019-06-19,비,25,24.3,224.4,100.5,120.0,110.404,4.720,"165,000","4,673",3.6,9.5,2.2,1.651,0.554,160,"4,145"
194,능곡하수처리시설,2019-06-20,흐림,26,25,299.4,118.4,292.5,74.743,6.982,"220,000","4,701",2.8,9.6,1.2,2.239,0.469,180,"3,835"
193,능곡하수처리시설,2019-06-21,흐림,25,25,333.0,102.3,220.0,73.359,6.495,"121,000","4,387",2.0,8.6,2.4,1.508,0.452,220,"4,335"
192,능곡하수처리시설,2019-06-22,맑음,28,25,183.6,94.9,120.0,71.068,6.940,"88,000","4,269",2.8,8.3,2.2,1.137,0.206,180,"4,247"
191,능곡하수처리시설,2019-06-23,맑음,29,25.2,303.0,91.7,382.5,91.811,6.445,"176,000","4,990",2.4,13.0,1.4,1.393,0.535,180,"3,988"
190,능곡하수처리시설,2019-06-24,맑음,26,25,277.2,108.7,125.0,54.664,5.845,"165,000","4,536",4.2,9.7,2.8,1.907,0.557,290,"4,160"
189,능곡하수처리시설,2019-06-25,흐림,29,25.1,276.0,109.5,117.5,42.078,5.127,"121,000","5,384",5.8,10.0,1.9,1.853,0.525,150,"4,370"
188,능곡하수처리시설,2019-06-26,비,28,24.3,238.2,99.7,200.0,49.440,6.084,"220,000","4,872",2.6,9.9,2.4,1.573,0.453,180,"4,482"
187,능곡하수처리시설,2019-06-27,비,27,24.7,230.4,108.3,115.0,39.387,4.668,"77,000","4,807",3.2,10.6,1.5,1.525,0.428,200,"3,846"
186,능곡하수처리시설,2019-06-28,비,27,24.3,228.6,107.9,230.0,77.112,5.076,"132,000","4,989",2.7,10.7,1.8,2.109,0.638,130,"4,237"
185,능곡하수처리시설,2019-06-29,비,26,25.1,234.0,106.1,137.5,29.034,7.519,"154,000","4,421",5.4,9.7,2.6,1.303,0.307,290,"4,102"
184,능곡하수처리시설,2019-06-30,비,24,25.4,313.2,101.3,210.0,32.173,6.829,"143,000","4,389",2.8,11.7,1.7,1.347,0.316,200,"4,057"
183,능곡하수처리시설,2019-07-01,맑음,22.3,25.5,224.4,116.1,150.0,31.545,7.066,"110,000","5,100",1.9,10.4,1.3,1.359,0.299,260,"4,344"
182,능곡하수처리시설,2019-07-02,맑음,22.7,25.4,212.4,94.1,187.5,53.487,3.323,"220,000","4,561",3.0,10.3,1.7,1.426,0.436,150,"4,084"
181,능곡하수처리시설,2019-07-03,맑음,22.3,25.8,258.6,92.7,125.0,40.261,4.830,"121,000","5,593",1.8,6.9,1.7,1.360,1.160,150,"4,418"
180,능곡하수처리시설,2019-07-04,맑음,22.8,25.7,221.4,81.0,110.0,44.460,4.498,"165,000","4,927",2.6,7.4,1.2,1.728,0.400,150,"4,340"
179,능곡하수처리시설,2019-07-05,맑음,25.1,25.1,394.8,93.5,137.5,67.369,7.581,"121,000","4,513",3.8,8.6,1.3,1.669,0.367,130,"4,712"
178,능곡하수처리시설,2019-07-06,맑음,28.6,26.4,242.4,78.6,220.0,38.765,3.590,"176,000","4,799",7.8,9.7,3.2,1.854,0.483,150,"4,204"
177,능곡하수처리시설,2019-07-07,맑음,27,25.8,309.6,83.2,137.5,42.847,3.743,"198,000","5,277",4.0,9.5,1.8,1.912,0.407,150,"4,205"
176,능곡하수처리시설,2019-07-08,맑음,25.6,26.4,183.6,87.3,162.5,55.093,4.222,"132,000","5,169",3.3,10.0,2.3,1.970,0.411,130,"4,162"
175,능곡하수처리시설,2019-07-09,맑음,25.1,25.8,268.8,87.3,192.5,62.312,5.052,"132,000","4,465",3.8,9.2,2.1,1.787,0.531,180,"4,255"
174,능곡하수처리시설,2019-07-10,비,22.8,26.2,365.4,111.7,222.5,62.269,5.046,"143,000","4,836",3.6,9.9,2.2,2.108,0.417,130,"4,143"
173,능곡하수처리시설,2019-07-11,비,21,26.1,234.0,90.3,102.5,27.284,5.031,"121,000","5,047",3.1,8.5,1.9,1.175,0.464,180,"4,349"
172,능곡하수처리시설,2019-07-12,맑음,22.7,25.9,223.8,98.5,197.5,58.128,5.808,"154,000","5,103",5.1,10.0,2.0,1.833,0.289,200,"4,377"
171,능곡하수처리시설,2019-07-13,비,23.1,26,273.6,97.3,150.0,58.835,3.408,"99,000","4,841",3.1,9.4,1.3,1.773,0.487,220,"3,976"
170,능곡하수처리시설,2019-07-14,맑음,24.3,26.7,337.2,89.5,170.0,39.551,4.575,"132,000","5,019",6.2,12.8,2.1,1.594,0.428,240,"4,259"
169,능곡하수처리시설,2019-07-15,비,24,26.4,257.4,90.9,227.5,66.042,5.673,"132,000","5,175",3.0,10.5,2.6,1.675,0.449,200,"4,503"
168,능곡하수처리시설,2019-07-16,비,24.3,26.3,314.4,104.5,155.0,78.973,6.988,"132,000","4,982",2.7,10.2,1.1,2.414,0.205,150,"4,157"
167,능곡하수처리시설,2019-07-17,맑음,25.1,26.6,237.0,86.5,92.5,48.460,5.350,"154,000","4,970",5.2,8.1,1.4,1.866,0.362,240,"4,285"
166,능곡하수처리시설,2019-07-18,비,25.8,26.5,336.0,107.9,117.5,61.789,6.792,"165,000","5,121",4.6,10.8,2.0,1.920,0.386,220,"4,231"
165,능곡하수처리시설,2019-07-19,비,28.1,26.4,361.2,91.1,125.0,49.776,5.325,"165,000","5,173",4.5,8.6,1.8,2.053,0.439,200,"4,472"
164,능곡하수처리시설,2019-07-20,비,27.8,26.2,253.8,94.7,180.0,64.258,4.975,"132,000","5,081",2.4,8.2,1.5,1.925,0.469,150,"4,619"
163,능곡하수처리시설,2019-07-21,비,24.6,26.3,236.4,93.3,177.5,62.626,5.352,"132,000","4,700",2.9,7.5,1.4,1.918,0.424,220,"3,885"
162,능곡하수처리시설,2019-07-22,맑음,24.9,26.3,274.8,113.1,117.5,61.152,5.825,"132,000","4,837",6.7,11.7,2.2,2.407,0.543,200,"4,272"
161,능곡하수처리시설,2019-07-23,비,26.5,26.9,384.0,102.5,220.0,53.714,6.188,"110,000","5,546",5.4,9.0,2.8,2.347,0.370,130,"4,852"
160,능곡하수처리시설,2019-07-24,비,25.5,26.4,231.6,111.9,80.0,36.000,5.476,"110,000","5,347",2.7,11.3,1.8,1.691,0.460,150,"4,630"
159,능곡하수처리시설,2019-07-25,비,25.5,26.6,300.0,82.4,112.5,59.126,5.164,"110,000","4,307",3.1,9.0,2.0,2.210,0.359,150,"3,817"
158,능곡하수처리시설,2019-07-26,비,24.4,25.9,101.4,62.0,195.0,32.375,1.745,"88,000","6,254",7.7,10.7,2.1,1.797,0.371,110,"5,913"
157,능곡하수처리시설,2019-07-27,비,27.2,26.3,163.8,69.8,132.5,31.754,4.908,"66,000","5,036",5.4,10.8,2.9,2.038,0.485,220,"4,311"
156,능곡하수처리시설,2019-07-28,비,25.5,26.9,339.0,83.1,125.0,32.059,3.381,"77,000","5,644",6.9,11.6,3.9,2.599,0.445,260,"4,501"
155,능곡하수처리시설,2019-07-29,비,26.8,26.9,321.6,124.8,115.0,43.641,5.745,"110,000","5,202",2.9,9.2,2.0,1.648,0.612,240,"4,433"
154,능곡하수처리시설,2019-07-30,비,27.1,27.1,382.8,99.7,100.0,91.474,6.039,"143,000","5,317",3.5,10.3,2.6,1.921,0.494,200,"4,375"
153,능곡하수처리시설,2019-07-31,비,25,26.6,211.8,65.8,100.0,22.745,3.668,"66,000","5,318",3.2,7.3,2.4,1.661,0.334,180,"4,967"
152,능곡하수처리시설,2019-08-01,맑음,25.8,26.8,181.2,83.2,140.0,37.943,4.414,"66,000","5,109",3.8,9.2,2.9,2.143,0.223,180,"4,698"
151,능곡하수처리시설,2019-08-02,맑음,27.6,27.2,251.4,81.8,157.5,41.947,4.873,"143,000","5,680",4.0,7.5,2.1,2.623,0.281,150,"5,099"
150,능곡하수처리시설,2019-08-03,맑음,28.8,28.7,208.2,84.1,162.5,28.277,5.845,"187,000","5,425",6.3,11.3,2.4,1.918,0.373,180,"4,580"
149,능곡하수처리시설,2019-08-04,맑음,28.7,27.8,178.2,86.1,122.5,9.841,4.337,"99,000","4,149",5.7,12.1,3.2,1.894,0.545,130,"3,916"
148,능곡하수처리시설,2019-08-05,맑음,29.9,27.3,231.6,118.4,92.5,31.496,5.929,"143,000","4,258",4.2,11.6,2.4,1.174,0.432,180,"4,040"
147,능곡하수처리시설,2019-08-06,맑음,31.4,27.5,235.8,75.0,92.5,57.722,5.689,"176,000","5,415",5.1,8.2,2.7,2.172,0.648,200,"4,492"
146,능곡하수처리시설,2019-08-07,비,27.9,28,295.2,104.1,167.5,38.899,3.892,"77,000","4,533",5.8,10.1,2.5,2.003,0.431,150,"4,118"
145,능곡하수처리시설,2019-08-08,맑음,28,27.9,336.0,104.1,160.0,70.039,6.786,"143,000","5,109",4.2,10.3,2.5,1.790,0.658,180,"4,171"
144,능곡하수처리시설,2019-08-09,맑음,28.9,27.7,163.2,89.1,107.5,35.331,5.448,"132,000","4,985",4.4,10.9,3.2,1.970,1.620,220,"4,403"
143,능곡하수처리시설,2019-08-10,맑음,31.4,27.5,148.8,97.5,112.5,19.105,5.477,"165,000","4,361",5.2,9.8,3.4,0.720,0.594,260,"4,032"
142,능곡하수처리시설,2019-08-11,비,30.3,27.6,243.0,77.4,107.5,29.302,5.158,"132,000","5,007",4.4,9.3,2.8,0.675,0.805,220,"3,976"
141,능곡하수처리시설,2019-08-12,비,26.2,26.2,185.4,71.8,100.0,60.850,7.667,"121,000","6,136",8.5,10.8,3.5,2.097,1.098,220,"4,973"
140,능곡하수처리시설,2019-08-13,비,27.5,27.8,175.2,118.8,185.0,45.003,5.419,"110,000","6,052",2.7,11.0,4.1,1.144,0.711,350,"4,817"
139,능곡하수처리시설,2019-08-14,비,29.5,27.1,214.8,92.3,182.5,38.639,4.738,"66,000","5,796",5.4,10.4,4.2,0.590,0.709,220,"4,482"
138,능곡하수처리시설,2019-08-15,비,26.3,27.2,114.6,64.4,105.0,53.552,3.755,"176,000","5,754",3.9,11.7,3.5,0.511,0.624,350,"4,608"
137,능곡하수처리시설,2019-08-16,비,25.9,26.9,163.2,98.7,55.0,33.311,4.225,"132,000","4,180",3.6,11.2,2.4,0.523,0.833,200,"3,865"
136,능곡하수처리시설,2019-08-17,비,25.9,27.7,214.8,98.7,127.5,36.960,5.847,"187,000","4,395",5.7,10.4,2.5,0.558,0.686,240,"4,241"
135,능곡하수처리시설,2019-08-18,흐림,25.6,27.6,262.2,101.3,120.0,35.264,5.402,"99,000","5,343",3.7,10.9,2.4,0.632,0.637,220,"4,269"
134,능곡하수처리시설,2019-08-19,맑음,26.3,27.4,202.8,98.5,147.5,33.002,5.463,"88,000","4,635",3.7,9.8,2.5,0.541,0.740,260,"4,020"
133,능곡하수처리시설,2019-08-20,흐림,28.2,27.3,178.8,88.9,110.0,46.829,5.573,"154,000","4,802",4.0,11.3,4.0,0.726,1.256,330,"4,289"
132,능곡하수처리시설,2019-08-21,비,27,27.3,177.6,95.5,192.5,26.417,5.698,"154,000","4,708",6.2,12.2,2.9,0.751,1.096,330,"4,128"
131,능곡하수처리시설,2019-08-22,맑음,26.9,27.5,202.8,94.3,162.5,46.066,5.529,"154,000","5,513",4.1,10.6,3.8,0.721,1.017,200,"4,618"
130,능곡하수처리시설,2019-08-23,흐림,26.2,27.8,198.0,111.7,87.5,14.903,6.065,"220,000","4,660",5.6,11.6,2.6,0.454,1.036,310,"3,984"
129,능곡하수처리시설,2019-08-24,맑음,25.9,26.7,261.0,102.9,140.0,8.586,2.872,"198,000","4,827",3.4,10.1,3.4,1.699,0.543,260,"4,307"
128,능곡하수처리시설,2019-08-25,맑음,25.9,27.5,261.6,119.0,177.5,9.336,2.668,"198,000","4,692",5.2,12.2,4.0,1.741,0.866,200,"4,139"
127,능곡하수처리시설,2019-08-26,맑음,25.6,27.6,255.6,108.5,77.5,11.285,3.317,"176,000","5,167",4.9,13.1,2.2,1.477,0.827,260,"4,164"
126,능곡하수처리시설,2019-08-27,비,26.3,27.5,167.4,87.1,135.0,26.240,5.460,"154,000","4,598",6.1,9.6,2.5,0.951,0.759,400,"3,984"
125,능곡하수처리시설,2019-08-28,흐림,28.2,27.3,193.2,91.9,162.5,19.082,4.045,"154,000","4,772",5.5,11.4,4.9,0.431,0.919,350,"4,310"
124,능곡하수처리시설,2019-08-29,비,27,27.4,190.2,96.9,165.0,12.422,5.059,"220,000","4,961",4.3,10.8,4.5,1.005,0.476,310,"4,422"
123,능곡하수처리시설,2019-08-30,비,26.9,27.3,297.0,98.3,112.5,29.755,4.652,"242,000","4,624",7.4,11.7,5.0,0.952,0.832,350,"4,116"
122,능곡하수처리시설,2019-08-31,맑음,26.2,27.6,231.6,70.8,110.0,12.807,3.792,"132,000","4,763",6.6,12.8,3.8,0.760,0.968,180,"4,136"
121,능곡하수처리시설,2019-09-01,맑음,23.7,27.5,241.8,80.0,165.0,20.501,3.997,"198,000","4,508",5.2,12.6,2.9,1.034,0.581,290,"4,012"
120,능곡하수처리시설,2019-09-02,맑음,24.4,27.2,189.0,85.5,127.5,15.555,4.065,"264,000","4,617",5.1,12.1,4.6,0.782,0.836,330,"4,139"
119,능곡하수처리시설,2019-09-03,비,24.1,26.8,207.0,108.8,77.5,17.755,4.948,"264,000","4,722",6.9,13.7,4.2,1.008,0.876,480,"4,191"
118,능곡하수처리시설,2019-09-04,비,22.8,26.3,235.2,91.8,257.5,19.893,5.128,"220,000","4,760",5.9,9.1,4.5,0.446,0.904,460,"4,457"
117,능곡하수처리시설,2019-09-05,비,23,27,253.2,81.6,125.0,17.979,4.023,"264,000","5,739",6.6,9.2,4.7,0.689,0.843,700,"4,878"
116,능곡하수처리시설,2019-09-06,비,25.3,27,244.8,95.2,140.0,17.202,4.761,"418,000","4,997",6.6,9.2,3.6,0.310,1.231,530,"4,485"
115,능곡하수처리시설,2019-09-07,비,25.7,27,227.4,109.4,125.0,27.028,7.607,"110,000","4,849",4.0,9.6,2.3,0.883,0.458,350,"4,311"
114,능곡하수처리시설,2019-09-08,흐림,24.7,26.7,283.8,69.4,117.5,24.625,4.172,"110,000","4,851",8.6,10.3,4.2,0.913,0.661,310,"4,189"
113,능곡하수처리시설,2019-09-09,비,25.1,27.1,241.8,101.6,120.0,23.123,4.914,"198,000","5,041",6.8,10.3,5.6,0.601,0.826,290,"4,346"
112,능곡하수처리시설,2019-09-10,비,23.8,26.9,344.4,98.0,192.5,18.277,5.967,"165,000","4,807",7.2,13.4,4.1,0.872,0.674,260,"4,279"
111,능곡하수처리시설,2019-09-11,비,24.3,26.6,315.6,97.6,120.0,26.380,5.324,"198,000","5,026",6.7,10.5,2.3,0.835,0.439,400,"4,778"
110,능곡하수처리시설,2019-09-12,비,21,25.9,287.4,94.0,182.5,11.879,4.007,"154,000","4,439",3.7,12.5,4.5,1.018,1.034,350,"3,813"
109,능곡하수처리시설,2019-09-13,비,22.5,26.2,289.8,84.8,132.5,20.981,4.192,"143,000","4,456",6.5,8.1,5.5,0.660,0.908,260,"3,874"
108,능곡하수처리시설,2019-09-14,비,22.7,26.3,300.6,88.0,177.5,19.340,4.010,"154,000","4,345",5.2,9.7,2.5,1.066,0.726,240,"3,752"
107,능곡하수처리시설,2019-09-15,맑음,23.5,26.3,330.0,93.1,172.5,17.847,3.713,"132,000","4,400",6.6,11.6,2.1,1.544,0.566,290,"3,491"
106,능곡하수처리시설,2019-09-16,맑음,24.1,26.2,263.4,89.0,130.0,13.194,4.660,"143,000","5,272",6.6,11.6,3.0,0.264,0.781,310,"4,880"
105,능곡하수처리시설,2019-09-17,맑음,23.9,26,278.4,90.6,100.0,21.418,4.597,"110,000","4,715",6.7,11.2,3.6,0.703,0.815,220,"4,229"
104,능곡하수처리시설,2019-09-18,맑음,20.5,25.7,248.4,88.0,87.5,25.765,3.700,"176,000","4,526",6.8,11.2,2.5,0.822,0.685,290,"4,118"
103,능곡하수처리시설,2019-09-19,맑음,19.2,25.6,282.6,77.0,95.0,28.113,4.105,"110,000","4,460",7.6,11.5,2.8,0.595,0.914,260,"4,104"
102,능곡하수처리시설,2019-09-20,맑음,19.9,25.8,308.4,88.0,145.0,11.952,4.577,"110,000","4,694",6.8,10.8,2.7,0.537,0.824,370,"4,118"
101,능곡하수처리시설,2019-09-21,맑음,20.3,25.5,243.6,98.2,112.5,74.329,7.519,"165,000","4,511",4.7,12.5,3.4,1.258,1.577,260,"4,188"
100,능곡하수처리시설,2019-09-22,비,19.4,25.4,290.4,91.4,157.5,34.541,3.786,"143,000","4,130",5.7,12.8,3.9,2.283,0.904,310,"4,130"
99,능곡하수처리시설,2019-09-23,맑음,19.8,25.5,264.6,111.8,175.0,50.437,6.419,"154,000","3,993",6.4,13.2,4.9,1.814,1.085,180,"3,993"
98,능곡하수처리시설,2019-09-24,맑음,20.2,24.8,266.4,109.0,112.5,109.108,5.127,"330,000","4,129",6.4,12.2,2.6,2.142,0.564,240,"4,129"
97,능곡하수처리시설,2019-09-25,맑음,20.8,25.2,408.6,122.6,322.5,61.845,6.238,"198,000","4,115",6.4,11.8,2.0,1.416,1.051,180,"4,115"
96,능곡하수처리시설,2019-09-26,맑음,22.9,25,238.2,102.0,150.0,54.026,5.167,"121,000","4,055",4.0,10.3,2.1,1.676,1.144,220,"4,055"
95,능곡하수처리시설,2019-09-27,맑음,23.2,25,312.6,110.2,160.0,39.224,4.930,"418,000","4,228",6.0,12.4,2.6,1.057,1.327,260,"4,228"
94,능곡하수처리시설,2019-09-28,맑음,23.1,25.7,306.6,75.4,100.0,53.867,3.487,"264,000","3,906",5.1,9.7,3.2,2.313,1.095,440,"3,906"
93,능곡하수처리시설,2019-09-29,맑음,21.7,26.3,338.4,101.4,255.0,59.659,5.523,"198,000","4,191",5.2,10.9,2.7,1.116,0.836,290,"4,191"
92,능곡하수처리시설,2019-09-30,맑음,21.7,24.3,312.6,101.8,125.0,41.317,3.878,"242,000","4,108",6.5,10.9,2.7,2.287,0.667,200,"4,108"
91,능곡하수처리시설,2019-10-01,맑음,22.8,25.1,265.2,114.8,322.5,93.466,9.598,"143,000","4,193",5.5,12.0,2.0,1.769,0.930,150,"4,193"
90,능곡하수처리시설,2019-10-02,비,22.1,24.9,326.4,83.0,85.0,29.611,6.501,"176,000","4,090",6.0,10.5,2.0,1.245,0.966,310,"4,090"
89,능곡하수처리시설,2019-10-03,비,23.1,25.1,441.6,108.4,195.0,58.235,4.950,"176,000","4,397",7.6,11.6,3.5,1.266,0.953,150,"4,397"
88,능곡하수처리시설,2019-10-04,흐림,22.2,24.9,274.8,103.4,107.5,59.504,6.503,"143,000","4,609",6.2,11.2,3.0,1.393,0.953,240,"4,544"
87,능곡하수처리시설,2019-10-05,비,18.5,24.8,214.2,104.0,87.5,36.034,4.541,"110,000","4,259",3.7,11.2,3.1,1.494,0.992,330,"3,452"
86,능곡하수처리시설,2019-10-06,맑음,17.9,23.9,264.0,95.8,260.0,44.120,3.537,"187,000","5,571",5.6,11.7,3.7,2.369,1.140,420,"3,924"
85,능곡하수처리시설,2019-10-07,비,15.3,23.3,453.0,98.4,197.5,50.769,5.711,"121,000","4,783",7.5,10.5,4.0,1.759,1.002,350,"4,266"
84,능곡하수처리시설,2019-10-08,흐림,15.7,23.7,273.6,93.6,297.5,116.806,6.301,"121,000","4,615",6.5,10.9,2.8,1.666,0.956,180,"4,113"
83,능곡하수처리시설,2019-10-09,맑음,14.5,23.6,250.8,79.2,100.0,66.648,6.617,"176,000","4,270",3.3,9.9,2.5,1.667,0.504,260,"3,824"
82,능곡하수처리시설,2019-10-10,맑음,16.1,23.9,201.0,101.8,222.5,55.055,6.106,"209,000","4,650",3.8,11.3,3.2,1.599,0.525,130,"4,277"
81,능곡하수처리시설,2019-10-11,맑음,19.3,23.9,328.2,92.6,230.0,35.993,5.974,"176,000","4,585",6.2,10.9,2.8,1.489,0.401,130,"4,160"
80,능곡하수처리시설,2019-10-12,맑음,18.2,24.1,252.0,101.4,117.5,35.529,4.686,"165,000","4,484",5.3,12.5,2.5,1.608,0.732,150,"4,073"
79,능곡하수처리시설,2019-10-13,흐림,17.5,24,174.6,100.0,92.5,34.965,3.902,"143,000","4,638",5.0,11.0,1.8,1.885,0.535,260,"4,207"
78,능곡하수처리시설,2019-10-14,맑음,14.3,23.5,426.0,98.0,280.0,39.198,6.273,"154,000","4,619",7.4,11.1,3.1,1.478,1.038,130,"4,349"
77,능곡하수처리시설,2019-10-15,맑음,14,23.1,273.0,98.3,87.5,32.863,4.740,"66,000","4,349",5.6,9.9,2.0,1.793,0.830,110,"4,116"
76,능곡하수처리시설,2019-10-16,맑음,14.8,23,329.4,100.6,120.0,48.598,5.324,"132,000","4,410",5.4,10.9,2.5,1.756,0.706,180,"4,178"
75,능곡하수처리시설,2019-10-17,맑음,16,22.1,247.2,101.6,302.5,43.937,5.017,"165,000","4,261",5.6,11.0,3.0,1.937,0.743,90,"4,005"
74,능곡하수처리시설,2019-10-18,맑음,18.2,22.4,232.8,92.8,155.0,25.755,4.583,"143,000","4,082",4.2,10.3,2.6,1.484,0.756,110,"3,932"
73,능곡하수처리시설,2019-10-19,맑음,17.2,22.7,348.6,101.2,217.5,74.230,8.238,"121,000","4,314",6.6,12.0,2.8,1.751,0.393,150,"3,946"
72,능곡하수처리시설,2019-10-20,맑음,16.5,23,288.6,81.2,120.0,35.117,4.031,"154,000","4,264",5.0,10.4,2.9,2.506,0.426,90,"4,016"
71,능곡하수처리시설,2019-10-21,맑음,17.4,22.9,320.4,93.2,170.0,43.519,4.683,"176,000","4,510",6.9,10.8,2.6,2.041,0.751,200,"4,156"
70,능곡하수처리시설,2019-10-22,맑음,18,22.7,189.6,112.4,202.5,46.820,5.027,"132,000","4,274",5.3,10.4,2.9,1.751,0.877,150,"3,983"
69,능곡하수처리시설,2019-10-23,맑음,17.8,22.6,246.6,92.0,187.5,27.350,4.211,"99,000","4,328",4.0,10.5,2.1,1.493,0.626,130,"4,183"
68,능곡하수처리시설,2019-10-24,맑음,18.2,23,288.0,94.8,157.5,24.156,4.329,"132,000","4,287",3.9,11.4,2.5,1.516,0.450,150,"4,070"
67,능곡하수처리시설,2019-10-25,비,16,23.4,347.4,95.4,322.5,58.319,6.326,"132,000","4,148",6.9,9.6,2.0,2.200,1.134,220,"3,881"
66,능곡하수처리시설,2019-10-26,맑음,10,22.3,302.4,84.6,90.0,27.159,3.798,"132,000","4,156",5.3,9.5,2.4,3.487,1.293,180,"3,922"
65,능곡하수처리시설,2019-10-27,맑음,11,22.6,258.0,72.6,62.5,37.116,5.293,"99,000","4,354",5.3,11.2,3.8,1.869,0.547,220,"4,008"
64,능곡하수처리시설,2019-10-28,비,12.9,22,370.2,102.2,270.0,61.583,7.699,"44,000","4,260",4.7,10.5,2.0,2.930,1.184,200,"4,032"
63,능곡하수처리시설,2019-10-29,비,12.5,22.9,211.8,96.8,277.5,61.258,7.039,"110,000","4,346",2.0,9.5,2.0,2.134,1.137,200,"4,310"
62,능곡하수처리시설,2019-10-30,맑음,11.2,22,341.4,93.9,117.5,48.235,5.723,"77,000","4,202",3.1,9.9,2.0,2.047,0.862,150,"3,989"
61,능곡하수처리시설,2019-10-31,맑음,14.8,22.4,424.2,113.9,137.5,63.839,6.987,"88,000","4,156",4.9,10.2,2.5,2.382,1.216,130,"4,135"
60,능곡하수처리시설,2019-11-01,맑음,14.9,22.2,300.0,99.0,105.0,54.017,6.623,"110,000","4,304",3.1,10.6,2.0,2.076,1.295,200,"4,299"
59,능곡하수처리시설,2019-11-02,흐림,13.6,22.1,268.2,96.6,137.5,50.694,5.762,"121,000","3,996",2.3,11.8,2.3,1.642,0.768,150,"3,754"
58,능곡하수처리시설,2019-11-03,흐림,14.7,21.6,341.4,87.4,107.5,37.853,3.525,"99,000","4,029",5.6,10.3,3.4,2.075,0.383,130,"3,940"
57,능곡하수처리시설,2019-11-04,맑음,13.8,22,399.6,95.0,192.5,50.409,5.385,"121,000","4,438",4.5,9.0,2.4,1.499,1.081,130,"4,272"
56,능곡하수처리시설,2019-11-05,비,12.4,21.7,414.0,103.2,187.5,43.555,5.316,"165,000","4,203",4.5,8.9,2.3,1.460,0.820,130,"4,067"
55,능곡하수처리시설,2019-11-06,비,11,21.6,397.2,110.0,140.0,73.768,7.307,"198,000","4,300",1.6,9.7,2.5,1.511,0.627,110,"4,271"
54,능곡하수처리시설,2019-11-07,맑음,9.2,22.9,199.2,94.8,110.0,33.416,4.748,"77,000","4,238",4.8,8.1,2.2,1.454,0.337,150,"4,069"
53,능곡하수처리시설,2019-11-08,맑음,6.9,19.4,304.2,94.0,95.0,38.185,5.025,"154,000","4,327",2.8,9.8,2.0,1.385,0.525,150,"4,174"
52,능곡하수처리시설,2019-11-09,맑음,9.5,20,344.4,95.4,247.5,40.260,4.324,"176,000","4,225",3.1,9.7,2.1,2.322,0.628,150,"4,030"
51,능곡하수처리시설,2019-11-10,비,10,19.4,336.0,97.2,175.0,80.658,7.830,"154,000","4,294",3.1,10.0,2.3,1.949,0.773,220,"4,047"
50,능곡하수처리시설,2019-11-11,비,11.2,19.2,357.0,105.6,182.5,72.267,6.336,"176,000","4,624",3.8,9.5,2.5,1.756,0.773,240,"4,405"
49,능곡하수처리시설,2019-11-12,흐림,9.3,21,400.2,106.8,117.5,66.236,7.179,"132,000","4,388",4.7,9.2,2.1,1.241,0.560,180,"4,175"
48,능곡하수처리시설,2019-11-13,비,7.2,20.6,288.0,91.0,207.5,23.889,5.646,"121,000","4,338",4.2,8.9,2.8,1.108,0.629,70,"4,159"
47,능곡하수처리시설,2019-11-14,맑음,1.3,20.2,264.0,94.4,132.5,60.812,8.814,"187,000","4,669",2.2,9.3,2.9,1.556,0.606,180,"4,182"
46,능곡하수처리시설,2019-11-15,비,5.6,15.6,323.4,120.0,210.0,61.806,7.192,"88,000","4,665",2.3,8.4,2.9,2.041,0.735,130,"4,438"
45,능곡하수처리시설,2019-11-16,흐림,6.8,19,481.8,104.6,220.0,54.174,6.731,"77,000","4,585",4.3,8.7,1.7,1.597,0.554,240,"4,177"
44,능곡하수처리시설,2019-11-17,비,8.3,19.1,433.2,92.2,87.5,28.186,2.875,"66,000","5,229",4.7,9.9,2.4,1.981,0.290,110,"4,714"
43,능곡하수처리시설,2019-11-18,눈,4.6,20.1,325.8,112.8,170.0,47.973,5.176,"77,000","5,259",5.0,9.0,3.3,2.347,0.596,200,"5,077"
42,능곡하수처리시설,2019-11-19,흐림,0.2,19.4,264.0,78.8,127.5,43.600,4.658,"110,000","4,472",3.9,9.0,2.9,1.799,0.692,130,"4,268"
41,능곡하수처리시설,2019-11-20,맑음,0.5,18.6,280.8,99.2,110.0,95.833,4.746,"44,000","4,323",4.4,8.6,2.3,2.032,0.309,240,"4,076"
40,능곡하수처리시설,2019-11-21,맑음,4.2,17.1,328.8,88.4,165.0,36.020,5.465,"143,000","4,289",3.2,9.1,2.0,0.957,1.216,70,"4,040"
39,능곡하수처리시설,2019-11-22,맑음,9.7,19.2,400.2,94.6,127.5,68.607,6.909,"66,000","4,821",4.6,8.7,2.8,2.215,0.550,220,"4,418"
38,능곡하수처리시설,2019-11-23,흐림,12.1,18.9,358.2,69.6,77.5,27.834,3.494,"220,000","4,417",6.3,9.2,2.0,2.124,0.535,350,"4,138"
37,능곡하수처리시설,2019-11-24,비,9.8,18.6,446.4,117.0,252.5,42.036,5.718,"33,000","4,665",4.0,9.0,2.8,2.397,0.349,310,"4,363"
36,능곡하수처리시설,2019-11-25,맑음,1.9,19.8,247.2,92.6,230.0,44.024,4.433,"66,000","4,559",3.2,8.9,2.3,1.716,0.488,130,"4,294"
35,능곡하수처리시설,2019-11-26,흐림,6.6,19,202.8,80.0,117.5,53.310,5.757,"143,000","4,266",3.4,9.8,3.4,1.583,0.321,150,"3,970"
34,능곡하수처리시설,2019-11-27,맑음,3.1,19.2,363.6,90.4,430.0,58.161,7.260,"88,000","4,354",4.8,8.8,2.5,2.136,0.338,220,"4,145"
33,능곡하수처리시설,2019-11-28,맑음,3.5,19.3,303.6,117.4,202.5,109.509,1.931,"154,000","4,338",5.1,9.1,3.1,3.021,0.353,180,"4,093"
32,능곡하수처리시설,2019-11-29,맑음,1.5,18.6,205.8,100.6,140.0,29.652,4.942,"121,000","4,249",2.6,8.8,2.0,2.238,0.539,110,"4,042"
31,능곡하수처리시설,2019-11-30,맑음,4.1,18.6,274.8,98.1,230.0,49.440,6.093,"154,000","4,394",3.9,9.1,3.8,2.329,0.488,150,"4,146"
30,능곡하수처리시설,2019-12-01,비,4.6,18.3,314.4,93.2,162.5,49.597,3.786,"176,000","4,176",3.8,10.7,4.4,4.050,0.260,200,"4,061"
29,능곡하수처리시설,2019-12-02,흐림,-0.1,17.8,372.6,90.0,115.0,45.542,5.112,"165,000","4,394",7.7,10.3,2.9,1.322,0.557,150,"4,272"
28,능곡하수처리시설,2019-12-03,흐림,0.5,17.6,387.0,99.0,107.5,35.934,4.890,"187,000","4,173",6.9,10.0,3.4,2.074,0.280,220,"3,892"
27,능곡하수처리시설,2019-12-04,비,2,17.5,250.8,90.4,185.0,68.386,7.590,"198,000","4,326",4.4,9.7,2.9,2.108,0.508,260,"3,880"
26,능곡하수처리시설,2019-12-05,맑음,-4.4,15.6,169.8,87.2,115.0,43.930,4.924,"132,000","3,970",2.5,8.8,3.6,2.466,0.427,150,"4,624"
25,능곡하수처리시설,2019-12-06,맑음,-5.9,16.6,400.2,130.6,282.5,66.165,7.063,"264,000","4,123",4.6,9.4,3.3,2.140,0.422,180,"4,081"
24,능곡하수처리시설,2019-12-07,눈,-2.4,15.4,464.4,109.2,200.0,47.456,3.936,"330,000","4,018",3.8,9.2,2.4,4.515,0.924,260,"3,931"
23,능곡하수처리시설,2019-12-08,흐림,-0.9,15.1,323.4,82.5,110.6,44.754,3.315,"374,000","3,992",5.8,9.6,3.4,3.315,0.984,200,"3,953"
22,능곡하수처리시설,2019-12-09,비,3.2,17,234.0,133.6,147.5,39.952,2.438,"220,000","4,166",2.5,9.5,2.0,3.936,1.048,180,"3,991"
21,능곡하수처리시설,2019-12-10,비,8.1,19.4,186.0,116.4,175.0,56.977,6.776,"242,000","4,423",2.8,10.5,4.4,1.700,0.396,130,"4,435"
20,능곡하수처리시설,2019-12-11,비,6.3,17.9,233.4,113.6,142.5,64.716,6.528,"154,000","4,257",6.0,9.6,2.9,2.876,0.407,240,"4,063"
19,능곡하수처리시설,2019-12-12,맑음,-0.7,18,207.6,117.8,145.0,50.744,6.136,"264,000","4,355",7.8,10.4,2.8,1.659,0.345,180,"4,279"
18,능곡하수처리시설,2019-12-13,눈,2.1,15.5,360.6,124.0,580.0,93.755,8.302,"242,000","4,300",8.8,8.5,2.0,2.094,0.253,130,"4,101"
17,능곡하수처리시설,2019-12-14,비,2.7,18.3,217.2,99.8,167.5,63.023,7.099,"286,000","4,380",4.4,11.9,3.0,2.232,0.684,150,"4,179"
16,능곡하수처리시설,2019-12-15,흐림,5.3,18.4,100.8,103.9,105.0,63.588,5.804,"132,000","4,394",2.5,12.4,3.6,1.695,0.601,70,"4,177"
15,능곡하수처리시설,2019-12-16,흐림,7.8,18.4,193.2,94.8,220.0,50.312,5.206,"176,000","5,216",2.9,12.3,3.2,2.097,0.578,310,"4,712"
14,능곡하수처리시설,2019-12-17,비,7.7,17.8,303.6,138.8,217.5,67.264,5.328,"242,000","4,052",4.4,9.8,3.5,5.328,0.791,110,"3,882"
13,능곡하수처리시설,2019-12-18,흐림,0.8,18.5,302.4,118.2,200.0,62.045,6.108,"154,000","4,544",8.4,10.5,2.2,2.793,0.401,200,"4,359"
12,능곡하수처리시설,2019-12-19,눈,-0.8,18,276.6,117.2,147.5,45.719,5.692,"330,000","4,399",5.0,9.0,1.9,1.819,0.403,90,"4,255"
11,능곡하수처리시설,2019-12-20,눈,-1.1,18.1,285.0,119.0,127.5,42.350,5.913,"264,000","5,213",2.2,10.4,2.0,1.716,0.754,130,"4,534"
10,능곡하수처리시설,2019-12-21,눈,-1.2,17.1,158.4,72.4,110.0,71.798,4.991,"330,000","4,336",1.7,9.0,2.7,2.469,0.448,200,"4,012"
9,능곡하수처리시설,2019-12-22,비,4.1,18.9,306.6,102.4,140.0,28.868,2.992,"132,000","4,520",8.0,8.7,2.0,4.151,0.247,150,"4,129"
8,능곡하수처리시설,2019-12-23,비,3.4,18.2,388.2,114.8,192.5,55.804,5.846,"264,000","4,419",5.6,8.3,2.4,3.130,0.496,110,"4,035"
7,능곡하수처리시설,2019-12-24,흐림,0.8,17.4,430.2,111.2,192.5,49.053,5.540,"176,000","4,763",5.7,8.9,2.3,1.830,0.369,110,"4,448"
6,능곡하수처리시설,2019-12-25,흐림,2,16.8,264.0,120.6,177.5,50.312,4.403,"220,000","4,686",4.0,7.5,2.9,3.587,0.387,70,"4,551"
5,능곡하수처리시설,2019-12-26,비,2,15.4,329.4,115.0,397.0,60.807,8.686,"330,000","4,349",1.9,7.7,1.1,3.120,0.520,90,"3,730"
4,능곡하수처리시설,2019-12-27,흐림,-1.7,17.5,366.6,106.0,170.0,41.904,5.944,"330,000","4,298",7.7,8.3,1.4,2.189,0.390,150,"3,683"
3,능곡하수처리시설,2019-12-28,맑음,1.1,16.8,196.8,89.2,137.5,29.763,3.158,"396,000","5,008",2.3,7.8,1.7,2.163,0.294,220,"4,881"
2,능곡하수처리시설,2019-12-29,비,3.8,16.7,202.8,90.0,130.0,32.592,3.924,"264,000","4,312",2.3,8.4,1.6,1.704,0.162,350,"3,970"
1,능곡하수처리시설,2019-12-30,눈,2.7,17.1,450.6,120.0,250.0,44.035,5.879,"264,000","4,875",2.0,7.4,2.8,1.924,0.388,150,"4,155"
